1011334,3-D Man,12
1017100,A-Bomb (HAS),4
1009144,A.I.M.,53
1010699,Aaron Stack,14
1009146,Abomination (Emil Blonsky),58
1016823,Abomination (Ultimate),2
1009148,Absorbing Man,103
1009149,Abyss,8
1010903,Abyss (Age of Apocalypse),3
1011266,Adam Destine,0
1010354,Adam Warlock,202
1010846,Aegis (Trey Rollins),0
1017851,Aero (Aero),29
1012717,Agatha Harkness,23
1011297,Agent Brand,35
1011031,Agent X (Nijo),18
1009150,Agent Zero,29
1011198,Agents of Atlas,45
1011175,Aginar,0
1011136,Air-Walker (Gabriel Lan),4
1011176,Ajak,4
1010870,Ajaxis,0
1011194,Akemi,0
1011170,Alain,0
1009240,Albert Cleary,0
1011120,Albion,1
1010836,Alex Power,18
1010755,Alex Wilder,9
1011214,Alexa Mendez,0
1009497,Alexander Pierce,1
1014990,Alice,0
1009435,Alicia Masters,77
1010370,Alpha Flight,221
1011324,Alpha Flight (Ultimate),2
1011164,Alvin Maker,0
1011227,Amadeus Cho,150
1009567,Amanda Sefton,0
1011382,Amazoness,0
1011361,American Eagle (Jason Strongbow),6
1009151,Amiko,12
1010672,Amora,13
1010673,Amphibian (Earth-712),4
1010905,Amun,0
1009152,Ancient One,30
1016824,Ancient One (Ultimate),2
1011684,Angel (Angel Salvadore),5
1011396,Angel (Thomas Halloway),10
1011338,Angel (Ultimate),19
1009153,Angel (Warren Worthington III),117
1017574,Angela (Aldrif Odinsdottir),38
1010674,Anita Blake,9
1009346,Anne Marie Hoag,0
1009154,Annihilus,66
1011301,Anole,6
1010802,Ant-Man (Eric O'Grady),45
1009155,Ant-Man (Hank Pym),43
1010801,Ant-Man (Scott Lang),138
1011208,Anthem,11
1009156,Apocalypse,133
1011253,Apocalypse (Ultimate),3
1010866,Aqueduct,0
1010773,Arachne,6
1017438,Ara√±a,27
1009158,Arcade,35
1010686,Arcana,2
1009159,Archangel,563
1009160,Arclight,14
1010784,Ares,64
1011275,Argent,0
1011012,Armadillo,1
1011298,Armor (Hisako Ichiki),31
1010827,Armory,1
1009740,Arnim Zola,23
1010748,Arsenic,0
1009161,Artiee,0
1010718,Asgardian,0
1009162,Askew-Tronics,0
1010835,Asylum,0
1010336,Atlas (Team),8
1011758,Attuma,49
1009163,Aurora,84
1009164,Avalanche,47
1009165,Avengers,2259
1015239,Avengers (Ultimate),39
1011766,Azazel (Mutant),7
1011456,Balder,100
1009168,Banshee,189
1009596,Banshee (Theresa Rourke),156
1011778,Baron Mordo (Karl Mordo),19
1009169,Baron Strucker,48
1009170,Baron Zemo (Heinrich Zemo),38
1010906,Baron Zemo (Helmut Zemo),36
1011137,Baroness S'Bak,1
1011354,Barracuda,4
1009550,Bart Rozum,2
1009171,Bastion,37
1009172,Batroc the Leaper,31
1009173,Battering Ram,2
1011785,Battlestar,9
1009174,Beak,17
1009175,Beast,835
1010909,Beast (Earth-311),0
1010908,Beast (Ultimate),49
1009176,Becatron,0
1009177,Bedlam,8
1009178,Beef,1
1009179,Beetle (Abner Jenkins),20
1011793,Belasco,2
1009329,Ben Grimm,48
1009489,Ben Parker,21
1011346,Ben Reilly,24
1010782,Ben Urich,55
1010829,Bengal,9
1009180,Beta-Ray Bill,55
1011907,Bethany Cabe,24
1010325,Betty Brant,27
1009548,Betty Ross,70
1011138,Beyonder,26
1011296,Bi-Beast,0
1010843,Big Bertha,7
1009181,Big Wheel,2
1011262,Bill Hollister,0
1009182,Bishop,320
1011224,Bishop (Ultimate),1
1009183,Black Bird,0
1009184,Black Bolt,163
1017330,Black Bolt (Marvel War of Heroes),0
1009185,Black Cat,243
1010910,Black Cat (Ultimate),5
1010859,Black Crow,1
1011809,Black Knight (Dane Whitman),85
1009186,Black Knight (Sir Percy of Scandia),107
1009187,Black Panther,762
1017838,Black Panther (Shuri),61
1011130,Black Panther (Ultimate),10
1010356,Black Queen,2
1010687,Black Tarantula,23
1009188,Black Tom,19
1009189,Black Widow,634
1017296,Black Widow (LEGO Marvel Super Heroes),0
1010911,Black Widow (Ultimate),18
1011498,Black Widow (Yelena Belova),19
1017109,Black Widow/Natasha Romanoff (MAA),1
1009190,Blackheart,12
1010881,Blacklash,5
1011349,Blackout,5
1009191,Blade,147
1009195,Blastaar,37
1010830,Blazing Skull,3
1011291,Blindfold,25
1011836,Bling!,15
1009197,Blink,63
1009198,Blizzard,14
1009199,Blob,78
1011132,Blob (Ultimate),14
1009200,Blockbuster,12
1009201,Blok,6
1009202,Bloke,3
1011416,Blonde Phantom,18
1011073,Bloodaxe,5
1009203,Bloodscream,5
1009204,Bloodstorm,23
1010850,Bloodstrike,0
1011113,Blue Blade,1
1011339,Blue Marvel,40
1011264,Blue Shield,1
1010688,Blur,3
1011119,"Bob, Agent of Hydra",7
1010366,Boom Boom,75
1009205,Boomer,62
1010371,Boomerang,45
1009206,Box,7
1011236,Bride of Nine Spiders (Immortal Weapons),10
1014981,Bromley,0
1009208,Brood,56
1011090,Brother Voodoo,12
1009209,Brotherhood of Evil Mutants,36
1014973,Brotherhood of Mutants (Ultimate),13
1009167,Bruce Banner,127
1009210,Brute,10
1009211,Bucky,86
1011038,Bug,3
1010887,Bulldozer,7
1009212,Bullseye,132
1009213,Bushwacker,12
1011101,Butterfly,8
1009214,Cable,458
1017317,Cable (Deadpool),39
1017307,Cable (Marvel: Avengers Alliance),0
1011252,Cable (Ultimate),2
1017472,Cable (X-Men: Battle of the Atom),0
1011209,Calamity,11
1009216,Caliban,73
1009217,Callisto,38
1010912,Callisto (Age of Apocalypse),1
1009218,Calypso,6
1011139,Cammi,4
1009219,Cannonball,300
1011276,Cap'n Oz,0
1009220,Captain America,2528
1010914,Captain America (House of M),3
1017295,Captain America (LEGO Marvel Super Heroes),0
1017327,Captain America (Marvel War of Heroes),0
1017575,Captain America (Sam Wilson),86
1010913,Captain America (Ultimate),75
1017105,Captain America/Steve Rogers (MAA),0
1009223,Captain Britain,181
1017856,Captain Britain (Betsy Braddock),35
1010915,Captain Britain (Ultimate),3
1011190,Captain Cross,0
1011196,Captain Flint,0
1010338,Captain Marvel (Carol Danvers),640
1011096,Captain Marvel (Genis-Vell),70
1009224,Captain Marvel (Mar-Vell),201
1011095,Captain Marvel (Monica Rambeau),38
1011097,Captain Marvel (Phyla-Vell),18
1011355,Captain Midlands,0
1009225,Captain Stacy,10
1011027,Captain Universe,24
1011052,Cardiac,10
1010143,Caretaker,4
1009226,Cargill,1
1011258,Carlie Cooper,69
1009688,Carmella Unuscione,11
1009227,Carnage,180
1010916,Carnage (Ultimate),7
1009261,Carol Danvers,31
1009344,Carol Hines,0
1011937,Carrion (Malcolm McBride),6
1009478,Cassandra Nova,14
1009230,Catseye,1
1009536,Cecilia Reyes,24
1010813,Celestials,26
1011039,Centennial,12
1011140,Centurions,0
1009231,Cerebro,7
1011141,Cerise,2
1009232,Ch'od,39
1009233,Chamber,57
1009234,Chameleon,44
1010756,Champions,47
1011015,Changeling,0
1009733,Charles Xavier,91
1011331,Charlie Campion,0
1012019,Charlie-27,39
1010754,Chase Stein,16
1011359,Chat,0
1009237,Chimera,6
1011411,Chores MacGillicudy,1
1011187,Christian Walker,2
1009238,Chronomancer,3
1012065,Chthon,4
1011270,ClanDestine,20
1009239,Clea,130
1014999,Clea (Ultimate),2
1010809,Clint Barton,34
1009241,Cloak,131
1010823,Cloud 9,20
1011286,Cobalt Man,4
1010676,Colleen Wing,89
1010798,Colonel America,0
1009243,Colossus,708
1010917,Colossus (Ultimate),64
1011410,Confederates of the Curious,1
1009245,Constrictor,37
1011407,Contessa (Vera Vidal),1
1010346,Controller,7
1009246,Cornelius,0
1009247,Corsair,32
1011353,Cosmo (dog),15
1011362,Cottonmouth,2
1009249,Count Nefaria,33
1009250,Countess,1
1011272,Crimson Crusader,0
1009251,Crimson Dynamo,40
1017323,Crimson Dynamo (Iron Man 3 - The Official Game),0
1011169,Crimson King,0
1009252,Crossbones,49
1009253,Crule,9
1009254,Crusher Hogan,3
1014991,Crusher Hogan (Ultimate),4
1009255,Crystal,124
1011268,Cuckoo,1
1009244,Curt Conners,18
1011174,Cuthbert,0
1009256,Cyber,21
1009257,Cyclops,997
1010918,Cyclops (Ultimate),67
1017473,Cyclops (X-Men: Battle of the Atom),0
1011385,Cypher,28
1011050,D'Ken Neramani,2
1009258,Dagger,135
1010774,Daily Bugle,3
1010719,Daimon Hellstrom,60
1011001,Daken,152
1011333,Dakota North,20
1009259,Damage Control,18
1009453,Dani Moonstar,79
1010776,Danny Rand,5
1009262,Daredevil,1273
1017292,Daredevil (LEGO Marvel Super Heroes),0
1017312,Daredevil (Marvel Heroes),0
1010919,Daredevil (Ultimate),22
1011306,Dargo Ktor,1
1011367,Dark Avengers,79
1010907,Dark Beast,10
1009265,Dark Phoenix,21
1011387,Dark X-Men,15
1011020,Darkhawk,58
1009266,Darkstar,24
1011016,Darwin,12
1009267,Dazzler,226
1010920,Dazzler (Ultimate),16
1010341,Deacon Frost,1
1011087,Dead Girl,9
1009268,Deadpool,937
1017316,Deadpool (Deadpool),0
1017336,Deadpool (LEGO Marvel Super Heroes),0
1017474,Deadpool (X-Men: Battle of the Atom),0
1009269,Death,32
1009270,Deathbird,39
1011037,Deathcry,8
1010890,Deathlok,105
1014997,Deathstrike (Ultimate),1
1009713,Debra Whitman,1
1010717,Debrii,9
1011188,Deena Pilgrim,3
1011023,Defenders,215
1011071,Demogoblin,10
1009271,Destiny,52
1009272,Detective Soap,3
1011107,Deviants,10
1017583,Devil Dinosaur (Devil Dinosaur),103
1017102,Devil Dinosaur (HAS),0
1011142,Devos,4
1011260,Dexter Bennett,3
1009273,Diablo,28
1009274,Diamondback (Rachel Leighton),54
1011040,Dinah Soar,3
1010997,Dirk Anger,0
1009275,Doc Samson,112
1009281,Doctor Doom,495
1011103,Doctor Doom (Ultimate),12
1011206,Doctor Faustus,9
1009276,Doctor Octopus,185
1010921,Doctor Octopus (Ultimate),15
1010689,Doctor Spectrum,21
1009282,Doctor Strange,957
1011358,Doctor Strange (Ultimate),11
1011500,Doctor Voodoo,50
1011235,Dog Brother #1,9
1009277,Domino,291
1010330,Donald Blake,15
1009278,Doomsday Man,3
1009279,Doop,39
1010879,Doorman,5
1017835,Dora Milaje,37
1011195,Dorian Gray,0
1009280,Dormammu,55
1014992,Dormammu (Ultimate),3
1017300,Dr. Strange (Marvel: Avengers Alliance),0
1010677,Dracula,124
1011247,Dragon Lord,4
1009283,Dragon Man,37
1010735,Drax,82
1010368,Dreadnoughts,5
1015007,Dreaming Celestial,3
1011322,Druig,4
1009284,Dum Dum Dugan,67
1009285,Dust,25
1009286,Earthquake,7
1010785,Echo,54
1010787,Eddie Brock,239
1009396,Eddie Lau,0
1010999,"Edward ""Ted"" Forrester",0
1011072,Edwin Jarvis,107
1011060,Ego,17
1009287,Electro,96
1010922,Electro (Ultimate),7
1009288,Elektra,251
1010923,Elektra (Ultimate),11
1010355,Elements of Doom,1
1009290,Elite,1
1011082,Elixir,28
1011122,Elloe Kaifi,3
1010701,Elsa Bloodstone,50
1017858,Emily Bright (Emily Bright),1
1009310,Emma Frost,447
1009291,Empath,30
1009292,Emplate,15
1010671,Enchantress (Amora),29
1011432,Enchantress (Sylvie Lushton),2
1011313,Ender Wiggin,5
1010445,Energizer,10
1011065,Epoch,0
1009293,Erik the Red,6
1010807,Eternals,99
1011061,Eternity,20
1010771,Excalibur,224
1012378,Executioner (Skurge),4
1009294,Exiles,146
1009295,Exodus,33
1009296,Expediter,0
1011199,Ezekiel,8
1011317,Ezekiel Stane,17
1009248,Fabian Cortez,6
1009297,Falcon,208
1017110,Falcon/Sam Wilson (MAA),0
1011143,Fallen One,0
1009298,Famine,15
1009299,Fantastic Four,1539
1011013,Fantastic Four (Ultimate),101
1011111,Fantastick Four,1
1009301,Fantomex,66
1011233,Fat Cobra,16
1009335,Felicia Hardy,3
1009302,Fenris,6
1011213,Feral,9
1009303,Fin Fang Foom,30
1010868,Firebird,35
1009304,Firebrand,7
1014987,Firedrake,0
1009305,Firelord,43
1009306,Firestar,126
1011222,Firestar (Ultimate),5
1010880,Fixer (Paul Norbert Ebersol),8
1010863,Flatman,5
1010333,Flying Dutchman,0
1009470,Foggy Nelson,91
1009307,Force Works,28
1009308,Forearm,22
1009309,Forge,159
1014993,Forge (Ultimate),3
1011177,Forgotten One,2
1009229,Frank Castle,26
1011356,Frankenstein's Monster,27
1009539,Franklin Richards,178
1010980,Franklin Storm,6
1011240,Freak,6
1012478,Frenzy,16
1010799,Frightful Four,19
1011389,Frog Thor,29
1010670,Frog-Man,3
1009377,Gabe Jones,0
1009312,Galactus,243
1011384,Galia,0
1009313,Gambit,527
1011201,Gamma Corps,0
1010763,Gamora,78
1017324,Gamora (Marvel War of Heroes),0
1010832,Gargoyle,17
1012512,Gargoyle (Isaac Christians),14
1012513,Gargoyle (Yuri Topolov),1
1011380,Garia,0
1009383,Garrison Kane,19
1009315,Gateway,29
1009316,Gauntlet (Joseph Green),29
1011248,Geiger,0
1009556,Gene Sailors,0
1011285,Generation X,103
1009317,Genesis,17
1011098,Genis-Vell,11
1014974,George Stacy (Ultimate),9
1010749,Gertrude Yorkes,14
1010925,Ghost Rider (Daniel Ketch),100
1009318,Ghost Rider (Johnny Blaze),332
1017329,Ghost Rider (Marvel War of Heroes),0
1017833,Ghost Rider (Robbie Reyes),38
1011221,Giant Girl,2
1009320,Giant Man,60
1010720,Giant-dok,0
1010926,Giant-Man (Ultimate),20
1011055,Gideon,22
1012571,Gilgamesh,12
1014982,Git Hoskins,0
1009321,Gladiator (Kallark),83
1011256,Gladiator (Melvin Potter),9
1009645,Glenn Talbot,7
1011144,Glorian,11
1009322,Goblin Queen,13
1011374,Golden Guardian,0
1010927,Goliath (Bill Foster),28
1009324,Gorgon,64
1012610,Gorgon (Inhumans),16
1010731,Gorilla Man,19
1011076,Grandmaster,11
1012623,Graviton,12
1010702,Gravity,35
1011041,Great Lakes Avengers,13
1014985,Green Goblin (Barry Norman Osborn),12
1010928,Green Goblin (Harry Osborn),11
1011435,Green Goblin (Norman Osborn),89
1010929,Green Goblin (Ultimate),2
1009326,Gressill,0
1011420,Grey Gargoyle,30
1011292,Greymalkin,0
1009328,Grim Reaper,33
1010743,Groot,74
1009330,Guardian,36
1011299,Guardians of the Galaxy,398
1009331,Guardsmen,0
1010709,Gunslinger,0
1009207,GW Bridge,22
1009619,Gwen Stacy,90
1014994,Gwen Stacy (Ultimate),27
1011400,H.A.M.M.E.R.,8
1009332,H.E.R.B.I.E.,1
1011391,Hairball,8
1009333,Half-Life (Tony Masterson),1
1009334,Hammerhead,34
1014995,Hammerhead (Ultimate),5
1011490,Hank Pym,243
1011091,Hannibal King,2
1009348,Happy Hogan,18
1010821,Hardball,17
1011185,Harley Davidson Cooper,0
1009336,Harpoon,13
1011069,Harrier,0
1009339,Harry Heck,0
1009486,Harry Osborn,97
1011218,Harry Osborn (Ultimate),10
1010816,Hate-Monger (Adolf Hitler),3
1009337,Havok,361
1009338,Hawkeye,680
1010808,Hawkeye (Kate Bishop),115
1017311,Hawkeye (Marvel Heroes),0
1011131,Hawkeye (Ultimate),30
1017108,Hawkeye/Clint Barton (MAA),0
1012767,Hecate (Ravonna Renslayer),15
1011046,Hedge Knight,1
1011482,Hela,63
1010351,Hellcat (Patsy Walker),125
1009340,Hellfire Club,35
1014996,Hellfire Club (Ultimate),2
1010678,Hellion,28
1011044,Hellions (Squad),8
1009341,Hemingway,1
1011371,Henry Peter Gyrich,14
1009342,Hepzibah,38
1009343,Hercules,308
1010759,Heroes For Hire,84
1011274,Hex,0
1011300,High Evolutionary,42
1010839,Hindsight Lad,0
1010703,Hiroim,4
1011442,Hit-Monkey,23
1009345,Hitman,5
1011383,Hitomi Sakuma,0
1010930,Hobgoblin (Jason Macendale),11
1010931,Hobgoblin (Robin Borne),3
1009347,Hobgoblin (Roderick Kingsley),45
1009349,Holocaust (Age of Apocalypse),31
1009350,Holy,0
1017844,Honey Badger (Gabrielle Kinney),57
1011428,Hope Summers,109
1009557,Howard Saint,0
1010373,Howard The Duck,114
1009351,Hulk,1796
1017098,Hulk (HAS),1
1017333,Hulk (LEGO Marvel Super Heroes),0
1011118,Hulk (Marvel Zombies),8
1017303,Hulk (Marvel: Avengers Alliance),0
1011005,Hulk (Ultimate),27
1010721,Hulk-dok,0
1017107,Hulk/Bruce Banner (MAA),0
1009355,Hulkling,55
1010343,Human Cannonball,2
1011415,Human Fly (Richard Deacon),0
1010722,Human Robot,12
1009356,Human Torch,1197
1010932,Human Torch (Jim Hammond),58
1011102,Human Torch (Ultimate),55
1010675,Humbug,5
1009357,Husk,40
1009358,Hussar,8
1009359,Hydra,151
1009360,Hydro-Man,18
1009361,Hyperion (Earth-712),35
1011246,Hypno-Hustler,3
1009362,Iceman,598
1010933,Iceman (Ultimate),68
1017475,Iceman (X-Men: Battle of the Atom),0
1011077,Ikaris,15
1010758,Illuminati,19
1009529,Ilyana Rasputin,1
1012923,Immortus,21
1011273,Imp,0
1011089,Imperfects,0
1009363,Imperial Guard,19
1009364,Impossible Man,25
1011063,In-Betweener,5
1011064,Inertia,3
1011146,Infant Terrible,0
1009365,Inhumans,256
1011293,Ink,2
1011024,Invaders,94
1009366,Invisible Woman,740
1017301,Invisible Woman (Marvel: Avengers Alliance),0
1010934,Invisible Woman (Ultimate),52
1011379,Iron Cross Army,0
1011318,Iron Fist (Bei Bang-Wen),7
1009367,Iron Fist (Danny Rand),428
1010888,Iron Fist (Orson Randall),14
1011413,Iron Fist (Quan Yaozu),1
1016839,Iron Fist (USM),0
1011412,Iron Fist (Wu Ao-Shi),2
1010704,Iron Lad,17
1009368,Iron Man,2738
1017320,Iron Man (Iron Man 3 - The Official Game),0
1017294,Iron Man (LEGO Marvel Super Heroes),0
1017310,Iron Man (Marvel Heroes),0
1017326,Iron Man (Marvel War of Heroes),0
1010935,Iron Man (Ultimate),77
1017104,Iron Man/Tony Stark (MAA),0
1009371,Iron Monger,0
1009487,Iron Patriot,6
1009538,Iron Patriot (James Rhodes),76
1010844,Ironclad,0
1017831,Ironheart (Riri Williams),96
1011876,Isaiah Bradley,8
1009372,J. Jonah Jameson,283
1010736,Jack Flag,0
1010786,Jack Murdock,8
1010766,Jack O' Lantern,10
1011251,Jack Power,6
1011288,Jackal,42
1011259,Jackpot,7
1010775,James Buchanan Barnes,3
1010777,James Howlett,3
1011343,Jamie Braddock,17
1010329,Jane Foster,95
1010878,"Janus, the Nega-Man",1
1009597,Jasper Sitwell,23
1011344,Jazinda,0
1009496,Jean Grey,61
1009327,Jean Grey,242
1010946,Jean Grey (Ultimate),78
1009604,Jennifer Smith,0
1011404,Jeryn Hogarth,19
1010667,Jessica Drew,13
1009378,Jessica Jones,173
1009373,Jetstream,1
1009374,Jigsaw,21
1011105,Jimmy Woo,15
1009375,Joan the Mouse,0
1009376,Jocasta,74
1011171,John Farson,0
1010812,John Jameson,10
1009500,John Porter,0
1009721,John Wraith,6
1009196,Johnny Blaze,10
1009630,Johnny Storm,27
1009380,Joseph,39
1010938,Joshua Kane,0
1010937,Josiah X,7
1011033,Joystick,5
1009381,Jubilee,295
1010936,Jubilee (Age of Apocalypse),3
1009382,Juggernaut,214
1010772,Jule Carpenter,0
1010679,Julian Keller,6
1011314,Junta,7
1010760,Justice,76
1011310,Justin Hammer,8
1011081,Ka-Zar,164
1011193,Kabuki,11
1009384,Kang,155
1014983,Karen O'Malley,0
1011357,Karen Page,34
1011386,Karma,64
1009385,Karnak,106
1010752,Karolina Dean ,18
1010783,Kat Farrell,11
1010810,Kate Bishop,19
1011250,Katie Power,11
1011319,Ken Ellis,6
1009386,Khan,0
1010893,Kid Colt,16
1011397,Killer Shrike,4
1011289,Killmonger,28
1011116,Killraven,38
1009388,King Bedlam,2
1010842,King Cobra,5
1009389,Kingpin,283
1011308,Kinsey Walden,0
1009508,Kitty Pryde,377
1017476,Kitty Pryde (X-Men: Battle of the Atom),0
1009390,Klaw,58
1010818,Komodo (Melati Kusuma),20
1011147,Korath,5
1011080,Korg,18
1011312,Korvac,16
1013133,Krakoa,32
1009391,Kraven the Hunter,106
1011148,Kree,24
1015017,Krista Starr,0
1011178,Kronos,0
1011029,Kulan Gath,5
1013163,Kwannon,1
1011058,Kylun,0
1009392,La Nuit,2
1011327,Lady Bullseye,33
1009393,Lady Deathstrike,117
1011014,Lady Mastermind,3
1014977,Lady Ursula,0
1014976,Lady Vermin,0
1009394,Lake,0
1009395,Landau,0
1009397,Lava-Man,1
1011100,Layla Miller,42
1009398,Leader,50
1011092,Leech,7
1009399,Legion,103
1011403,"Lei Kung, The Thunderer",7
1009166,Lenny Balinger,0
1011186,Leo (Zodiac),0
1010340,Leopardon,0
1011375,Leper Queen,1
1014988,Lester,0
1011421,Lethal Legion,14
1010977,Lieutenant Marcus Stone,1
1009401,Lifeguard,4
1011408,Lightning Lords of Nepal,1
1010450,Lightspeed,37
1009236,Lila Cheney,9
1009402,Lilandra,114
1011074,Lilith,6
1011257,Lily Hollister,9
1010337,Lionheart,8
1011444,Living Laser,26
1010854,Living Lightning,21
1011036,Living Mummy,11
1011059,Living Tribunal,6
1009403,Liz Osborn,13
1009404,Lizard,94
1010939,Lizard (Ultimate),2
1011414,Loa,6
1009405,Lockheed,67
1009406,Lockjaw,98
1010363,Logan,32
1009407,Loki,495
1017299,Loki (LEGO Marvel Super Heroes),0
1010768,Loners,6
1009408,Longshot,89
1010940,Longshot (Ultimate),4
1011145,Lord Hawal,1
1014980,Lord Tyger,0
1011283,Lords of Avalon,0
1009260,Lorna Dane,8
1009409,Luckman,0
1011405,Lucky Pierre,1
1010751,Lucy in the Sky,0
1009215,Luke Cage,419
1011200,Luminals,0
1017854,Luna Snow (Luna Snow),14
1010896,Lyja,28
1011068,M (Monet St. Croix),58
1011004,M.O.D.A.M.,7
1011320,M.O.D.O.G.,2
1010726,M.O.D.O.K.,54
1017321,M.O.D.O.K. (Iron Man 3 - The Official Game),0
1009418,Ma Gnuci,2
1009314,Mac Gargan,0
1010851,Mach IV,8
1010805,Machine Man,94
1009411,Mad Thinker,35
1009412,Madame Hydra,17
1010352,Madame Masque,41
1010796,Madame Web (Julia Carpenter),11
1010724,Maddog,1
1009509,Madelyne Pryor,36
1011205,Madripoor,1
1009413,Madrox,99
1011053,Maelstrom,4
1011328,Maestro,28
1010867,Magdalene,7
1009414,Maggott,33
1010942,Magik (Amanda Sefton),2
1009415,Magik (Illyana Rasputin),135
1011135,Maginty,0
1009416,Magma (Amara Aquilla),63
1009417,Magneto,490
1010944,Magneto (Age of Apocalypse),9
1010945,Magneto (House of M),10
1010943,Magneto (Ultimate),36
1017477,Magneto (X-Men: Battle of the Atom),0
1010904,Magus (Adam Warlock),18
1011364,Magus (Technarch),4
1011085,Major Mapleleaf,0
1010725,Makkari,18
1009242,Malcolm Colcord,9
1013479,Malekith,17
1011229,Malice (Earth-161),0
1009420,Man-Thing,159
1010811,Man-Wolf,30
1009421,Mandarin,80
1011243,Mandrill,1
1009422,Mandroid,2
1009423,Manta,9
1011026,Mantis,62
1009424,Marauders,29
1015018,Marcus Van Sciver,0
1011335,Maria Hill,111
1009735,Mariko Yashida,24
1009425,Marrow,94
1011173,Marten Broadcloak,0
1011263,Martin Li,0
1011350,Marvel Apes,9
1009427,Marvel Boy,50
1011002,Marvel Zombies,35
1011495,Marvelman,13
1011417,Marvex,1
1009708,Mary Jane Watson,445
1010993,Mary Jane Watson (House of M),2
1011203,Mary Jane Watson (Ultimate),45
1010869,Masked Marvel (Unrevealed),3
1010367,Masque,35
1010732,Master Chief,6
1009433,Master Mold,9
1009434,Mastermind,46
1011279,Masters of Evil,24
1010877,Mathemanic,0
1009677,Matsu'o Tsurayaba,0
1009463,Matthew Murdock,29
1010793,Mattie Franklin,0
1009436,Mauler,5
1010947,Maverick (Chris Bradley),5
1009437,Maverick (Christoph Nord),10
1011305,Maximus,28
1009490,May Parker,171
1009438,Medusa,168
1011399,Meggan,22
1009439,Meltdown,70
1011241,Menace,40
1011099,Mentallo,3
1011184,Mentor,2
1009440,Mephisto,124
1009441,Mephistopheles,0
1010681,Mercury,20
1009442,Mesmero,35
1009443,Metal Master,0
1010361,Meteorite,1
1011340,MI: 13,0
1009444,Micro/Macro,0
1010690,Microbe,6
1011134,Microchip,12
1010871,Micromax,6
1010891,Midnight (Earth-811),0
1010924,Miek,3
1009530,Mikhail Rasputin,11
1011192,Millenium Guard,0
1010894,Millie the Model,33
1009445,Mimic,36
1011204,Mindworm,1
1013727,Miracleman,6
1011424,Miss America,52
1009446,Mister Fear,4
1009447,Mister Sinister,129
1017318,Mister Sinister (Deadpool),0
1010948,Mister Sinister (House of M),0
1011254,Mister Sinister (Ultimate),3
1010682,Misty Knight,193
1011220,Mockingbird,91
1009410,Moira MacTaggert,42
1010941,Moira MacTaggert (Ultimate),2
1009448,Mojo,55
1009449,Mole Man,71
1011019,Molecule Man,10
1010691,Molly Hayes,17
1009541,Molly Von Richtofen,2
1011370,Molten Man,7
1010876,Mongoose,2
1009450,Mongu (Unrevealed),0
1010331,Monster Badoon,2
1017814,Moon Girl (Lunella Layfayette),109
1009452,Moon Knight,409
1010949,Moon Knight (House of M),1
1014998,Moon Knight (Ultimate),8
1009451,Moondragon,80
1010362,Moonstone,38
1009454,Morbius,111
1010902,Mordo,1
1009455,Morg,6
1013190,Morgan Le Fay,15
1009623,Morgan Stark,4
1011008,Morlocks,10
1011088,Morlun,13
1009456,Morph,21
1009457,Mother Askani,10
1009458,Mr. Bumpo,0
1009459,Mr. Fantastic,597
1010950,Mr. Fantastic (Ultimate),53
1010900,Mr. Fish,1
1009460,Mr. Fixit,26
1010347,Mr. Hyde,34
1010840,Mr. Immortal,6
1014984,Mr. Meugniot,0
1011244,Mr. Negative,28
1009461,Mr. Payback,0
1009462,Mr. X,8
1017824,Ms. America (America Chavez),82
1017577,Ms. Marvel (Kamala Khan),289
1011372,MS2,0
1011210,Mulholland Black,11
1011056,Multiple Man,60
1010826,MVP,4
1009464,Mysterio,93
1010951,Mysterio (Daniel Berkhart),0
1010952,Mysterio (Francis Klum),3
1009465,Mystique,230
1010953,Mystique (Age of Apocalypse),2
1010954,Mystique (House of M),1
1011129,Mystique (Ultimate),11
1013483,Nakia (Nakia),2
1009466,Namor,368
1009468,Namora,52
1009469,Namorita,67
1014978,Naoko,0
1009547,Natasha Romanoff,20
1010365,Nebula,33
1011302,Nehzno,0
1011422,Nekra,9
1011086,Nemesis,35
1010831,Network,0
1010815,New Goblin,0
1011336,New Mutants,307
1010683,New Warriors,114
1011271,New X-Men,46
1011269,Newton Destine,3
1011303,Next Avengers,1
1010685,Nextwave,13
1009471,Nick Fury,563
1017298,Nick Fury (LEGO Marvel Super Heroes),0
1011007,Nick Fury (Ultimate),85
1010746,Nico Minoru,29
1010706,Nicolaos,2
1011282,Night Nurse (Earth-9997),0
1014057,Night Nurse (Linda Carter),11
1010684,Night Thrasher,50
1014063,Night Thrasher (Dwayne Taylor),14
1009472,Nightcrawler,650
1011337,Nightcrawler (Ultimate),38
1010349,Nighthawk,59
1009473,Nightmare,68
1011124,Nightshade,4
1011409,Nine-Fold Daughters of Xao,1
1010797,Nitro,11
1009474,Nocturne,33
1009475,Nomad,24
1011427,Nomad (Rikki Barnes),20
1010955,Nomad (Steve Rogers),4
1009325,Norman Osborn,209
1010063,Norrin Radd,0
1009476,Northstar,109
1009477,Nova,197
1010956,Nova (Frankie Raye),8
1017078,Nova (Sam Alexander),116
1016837,Nova (USM),0
1010707,Nuke,12
1009620,Obadiah Stane,4
1009480,Odin,224
1009481,Ogun,8
1017840,Okoye,10
1010882,Old Lace,13
1017810,Old Man Logan (Earth-807128),160
1014160,Omega (Michael Pointer),1
1010757,Omega Flight,10
1009482,Omega Red,66
1011329,Omega Sentinel,2
1011123,Omega the Unknown,17
1009483,Onslaught,46
1011255,Onslaught (Ultimate),0
1009484,Oracle,20
1011202,Ord,11
1009485,Orphan,14
1010957,Orphan-Maker,24
1009479,Otto Octavius,21
1014198,Outlaw (Inez Temple),14
1011228,Outlaw Kid,3
1010332,Overlord,0
1011028,Owl,21
1009488,Ozymandias,15
1011150,Paibok,4
1010873,Paladin,25
1010708,Pandemic,2
1011321,Paper Doll,3
1010357,Patch,5
1009492,Patriot,81
1011351,Payback,0
1017857,Peggy Carter (Captain Carter),17
1014267,Penance (Monet St. Croix),18
1009493,Penance (Robert Baldwin),67
1009494,Pepper Potts,85
1009495,Pestilence,10
1011388,Pet Avengers,15
1010779,Pete Wisdom,24
1009491,Peter Parker,199
1010734,Peter Quill,8
1011021,Phalanx,4
1011419,Phantom Reporter,2
1017839,Phil Coulson (Phil Coulson),4
1011369,Phil Sheldon,8
1014318,Phoenix Force,16
1011045,Photon,33
1010741,Phyla-Vell,7
1010886,Piledriver,6
1010762,Pip,19
1011179,Pixie,53
1009498,Plazm,2
1009499,Polaris,284
1009501,Post,13
1016840,Power Man (USM),0
1010770,Power Pack,142
1011151,Praxagora,3
1011152,Preak,3
1009502,Pretty Boy,3
1011104,Pride,10
1014989,Prima,0
1011234,Prince of Orphans,11
1010750,Princess Powerful,0
1009503,Prism,5
1011030,Prodigy,28
1014434,Prodigy (David Alleyne),16
1011153,Proemial Gods,0
1011378,Professor Monster,0
1009504,Professor X,437
1010958,Professor X (Ultimate),16
1009505,Proteus,16
1010960,Proteus (House of M),0
1010959,Proteus (Ultimate),5
1009506,Proudstar,5
1009507,Prowler,30
1010961,Prowler (Rick Lawson),0
1009511,Psycho-Man,14
1009512,Psylocke,459
1009510,PsyNapse,4
1009513,Puck,76
1010962,Puck (Zuzha Yu),12
1010865,Puff Adder,0
1011165,pug,0
1009514,Puma,31
1009515,Punisher,763
1009517,Punisher (2099),6
1017306,Punisher (Marvel: Avengers Alliance),0
1009519,Puppet Master,42
1011207,Purifiers,12
1009520,Purple Man,29
1009522,Pyro,58
1014528,Quake (Daisy Johnson),39
1009523,Quasar (Phyla-Vell),113
1010778,Quasar (Wendell Vaughn),99
1010334,Quasimodo,10
1011191,Queen Noir,0
1009387,Quentin Quire,81
1009524,Quicksilver,387
1010964,Quicksilver (Age of Apocalypse),4
1010963,Quicksilver (Ultimate),32
1009430,Rachel Grey,98
1009526,Radioactive Man,30
1011280,Rafael Vega,0
1010817,Rage,37
1009527,Raider,0
1009528,Randall,7
1011326,Randall Flagg,1
1010767,Random,3
1010838,Rattler,0
1011154,Ravenous,5
1010892,Rawhide Kid,125
1009531,Raza,35
1009532,Reaper,18
1009533,Reavers,16
1015000,Reavers (Ultimate),2
1011249,Red 9,0
1009534,Red Ghost,14
1011238,Red Ghost (Ultimate),0
1014666,Red Guardian (Alexei Shostakov),7
1011360,Red Hulk,99
1017099,Red Hulk (HAS),1
1011436,Red She-Hulk,41
1011155,Red Shift,2
1009535,Red Skull,179
1010965,Red Skull (Albert Malik),0
1010837,Red Wolf,24
1011390,Redwing,26
1011376,Reptil,58
1011189,Retro Girl,1
1011330,Revanche,1
1009537,Rhino,76
1009702,Rhodey,12
1011401,Richard Fisk,0
1009379,Rick Jones,204
1015006,Rick Jones (Ultimate),0
1011348,Ricochet,7
1009542,Rictor,119
1009543,Riptide,11
1009544,Risque,13
1009545,Robbie Robertson,69
1010792,Robert Baldwin ,0
1009235,Robin Chapel,0
1010744,Rocket Raccoon,146
1017314,Rocket Raccoon (Marvel Heroes),0
1010769,Rocket Racer,1
1010692,Rockslide,28
1009546,Rogue,660
1010967,Rogue (Age of Apocalypse),9
1017319,Rogue (Deadpool),0
1010966,Rogue (Ultimate),36
1017478,Rogue (X-Men: Battle of the Atom),0
1010781,Roland Deschain,10
1011398,Romulus,23
1010344,Ronan,58
1010710,Ronin,16
1011117,Roughhouse,7
1009549,Roulette,1
1009595,Roxanne Simpson,0
1009311,Rumiko Fujikawa,8
1010747,Runaways,141
1009551,Russian,0
1009552,S.H.I.E.L.D.,176
1009553,Sabra,21
1009554,Sabretooth,347
1010969,Sabretooth (Age of Apocalypse),21
1010970,Sabretooth (House of M),1
1010968,Sabretooth (Ultimate),23
1009555,Sage,46
1011325,Salem's Seven (Ultimate),4
1011126,Sally Floyd,7
1011156,Salo,1
1009558,Sandman,124
1010711,Santa Claus,2
1009559,Saracen (Muzzafar Lambert),0
1009560,Sasquatch (Walter Langkowski),96
1011035,Satana,35
1009561,Sauron,63
1011048,Scalphunter,26
1010861,Scarecrow (Ebenezer Laughton),15
1011197,Scarlet Spider (Ben Reilly),78
1011426,Scarlet Spider (Kaine),83
1009562,Scarlet Witch,584
1010972,Scarlet Witch (Age of Apocalypse),0
1017308,Scarlet Witch (Marvel Heroes),0
1010971,Scarlet Witch (Ultimate),29
1010790,Scorpion (Carmilla Black),9
1009563,Scorpion (Mac Gargan),38
1011079,Scorpion (Ultimate),1
1009565,Scourge,8
1011230,Scrambler,2
1009566,Scream (Donna Diego),10
1011242,Screwball,9
1009581,Sebastian Shaw,41
1011368,Secret Warriors,43
1009568,Selene,28
1009569,Senator Kelly,1
1009570,Sentinel,65
1011323,Sentinels,60
1009571,Sentry (Robert Reynolds),115
1011167,Ser Duncan,1
1009572,Serpent Society,10
1010345,Sersi,57
1009573,Shadow King,28
1010973,Shadow King (Age of Apocalypse),2
1009574,Shadowcat,15
1010975,Shadowcat (Age of Apocalypse),10
1010974,Shadowcat (Ultimate),9
1011406,Shadu the Shady,1
1009575,Shalla-bal,11
1009576,Shaman,48
1014979,Shane Yamada-Jones,0
1009577,Shang-Chi,271
1015001,Shang-Chi (Ultimate),8
1009578,Shanna the She-Devil,75
1010712,Shape,5
1009579,Shard,28
1009228,Sharon Carter,127
1010895,Sharon Ventura,9
1009580,Shatterstar,137
1017111,She-Hulk (HAS),1
1009583,She-Hulk (Jennifer Walters),550
1011392,She-Hulk (Lyra),24
1017331,She-Hulk (Marvel War of Heroes),0
1011393,She-Hulk (Ultimate),2
1015035,Shen,0
1011168,Sheva Callister,0
1011093,Shi'Ar,18
1011381,Shinko Yamashiro,0
1009582,Shinobi Shaw,5
1009584,Shiva,6
1011394,Shiver Man,1
1009585,Shocker (Herman Schultz),38
1010858,Shockwave,5
1010824,Shooting Star,1
1009586,Shotgun,4
1009587,Shriek,11
1009588,Sif,173
1010848,Silhouette,7
1017815,Silk (Cindy Moon),88
1010856,Silk Fever,0
1010339,Silver Centurion,0
1009589,Silver Fox,14
1009590,Silver Sable,79
1009591,Silver Samurai,39
1010976,Silver Samurai (Age of Apocalypse),13
1009592,Silver Surfer,570
1010864,Silverclaw,21
1009594,Silvermane,18
1010898,Sin,56
1011265,Sinister Six,35
1014975,Sir Ram,0
1010834,Siren (Earth-93060),0
1010745,Sister Grimm,7
1011223,Skaar,82
1017101,Skaar (HAS),1
1009598,Skin,12
1011157,Skreet,5
1009599,Skrulls,156
1015002,Skrulls (Ultimate),2
1009600,Skullbuster (Cylla Markham),3
1011057,Slapstick,32
1011070,Slayback,1
1009601,Sleeper,8
1010761,Sleepwalker,17
1009602,Slipstream,5
1010874,Slyde,1
1009603,Smasher (Vril Rokk),17
1010845,Smiling Tiger,0
1009606,Snowbird,48
1010855,Solo (James Bourne),21
1010693,Songbird,43
1011373,Sons of the Tiger,21
1009607,Spacker Dave,0
1010705,Spectrum,47
1010833,Speed,17
1011032,Speed Demon,7
1010694,Speedball (Robert Baldwin),41
1009605,Spencer Smythe,7
1011366,Sphinx (Anath-Na Mut),0
1010727,Spider-dok,0
1009157,Spider-Girl (Anya Corazon),71
1009609,Spider-Girl (May Parker),200
1017603,Spider-Gwen (Gwen Stacy),163
1011347,Spider-Ham (Larval Earth),65
1011054,Spider-Man (1602),44
1014873,Spider-Man (2099),97
1016452,Spider-Man (Ai Apaec),15
1014858,Spider-Man (Ben Reilly),66
1012200,Spider-Man (House of M),0
1017332,Spider-Man (LEGO Marvel Super Heroes),0
1011114,Spider-Man (Marvel Zombies),8
1017305,Spider-Man (Marvel: Avengers Alliance),0
1016181,Spider-Man (Miles Morales),449
1012295,Spider-Man (Noir),21
1009610,Spider-Man (Peter Parker),4480
1011377,Spider-Man (Takuya Yamashiro),0
1011010,Spider-Man (Ultimate),263
1010795,Spider-Woman (Charlotte Witter),13
1009608,Spider-Woman (Jessica Drew),340
1010794,Spider-Woman (Mattie Franklin),17
1009614,Spiral (Rita Wayword),49
1011158,Spirit,0
1010899,Spitfire,29
1009616,Spot,25
1011180,Sprite,0
1009617,Spyke,0
1014905,Squadron Sinister,9
1010814,Squadron Supreme (Earth-712),52
1010860,Squirrel Girl,127
1009618,Stacy X,37
1015003,Stacy X (Ultimate),2
1011307,Star Brand,31
1010733,Star-Lord (Peter Quill),114
1009621,Starbolt,9
1010764,Stardust,2
1011084,Starfox,41
1011341,Starhawk (Stakar Ogord),29
1011078,Starjammers,33
1009622,Stark Industries,0
1010828,Stature,32
1010889,Steel Serpent (Davos),16
1012230,Stegron,6
1011159,Stellaris,2
1009625,Stepford Cuckoos,43
1009615,Stephanie de la Spiroza,0
1010901,Stephen Strange,10
1010326,Steve Rogers,44
1009626,Stick,17
1009627,Stilt-Man (Wibur Day),12
1009628,Stingray (Walter Newell),33
1010327,Stone Men,0
1009629,Storm,915
1010979,Storm (Age of Apocalypse),12
1017309,Storm (Marvel Heroes),0
1010978,Storm (Ultimate),66
1011062,Stranger,8
1011051,Strong Guy,73
1009632,Stryfe,49
1011225,Stryfe (Ultimate),0
1010791,Sub-Mariner,591
1009631,Sue Storm,41
1011212,Sugar Man,4
1009635,Sumo,4
1009636,Sunfire,91
1010981,Sunfire (Age of Apocalypse),7
1009637,Sunset Bain,9
1009638,Sunspot,210
1015280,Super Hero Squad,16
1011022,Super-Adaptoid,12
1009639,Super-Skrull,33
1011232,Supernaut,11
1011160,Supreme Intelligence,15
1010695,Surge,27
1011477,Surtur,15
1011172,Susan Delgado,0
1011075,Swarm,2
1011017,Sway,1
1009640,Switch,8
1017852,Sword Master (Sword Master),26
1009641,Swordsman,62
1010982,Swordsman (Jacques Duquesne),4
1009642,Sym,2
1009643,Synch,23
1009644,T'Challa,8
1011042,Tag,10
1009646,Talisman (Elizabeth Twoyoungmen),10
1010753,Talkback (Chase Stein),6
1011395,Talon (Fraternity of Raptors),1
1011161,Talos,1
1011149,Tana Nile,6
1010713,Tarantula (Luis Alvarez),6
1011854,Tarantula (Maria Vasquez),2
1009647,Tarot,5
1009648,Taskmaster,114
1011115,Tattoo,0
1011896,Taurus (Cornelius van Lunt),1
1013504,Technarchy,0
1011000,Ted Forrester,0
1009650,Tempest,23
1011162,Tenebrous,2
1009651,Terrax,29
1011034,Terror,13
1010819,Texas Twister,3
1011003,Thaddeus Ross,12
1009652,Thanos,296
1015004,Thanos (Ultimate),5
1011083,The 198,0
1009653,The Anarchist,2
1009654,The Call,0
1010714,The Captain,0
1012080,The Collector (Taneleer Tivan),24
1011294,The Enforcers,2
1010728,The Executioner,0
1009655,The Fallen,0
1011219,The Fury,1
1010359,The Hand,43
1010715,The Hood,44
1011295,The Howling Commandos,4
1014986,The Hunter,0
1010998,The Initiative,18
1017103,The Leader (HAS),0
1011216,The Liberteens,1
1011215,The Liberty Legion,0
1011018,The Order,18
1009656,The Phantom,0
1009657,The Professor,6
1011211,The Renegades,2
1011110,The Santerians,0
1009658,The Shiver Man,0
1009659,The Spike,0
1009660,The Stranger,11
1011112,The Twelve,13
1009661,The Watchers,17
1011181,Thena,19
1009662,Thing,964
1017313,Thing (Marvel Heroes),0
1010983,Thing (Ultimate),49
1009664,Thor,1899
1017576,Thor (Goddess of Thunder),58
1017106,Thor (MAA),0
1017315,Thor (Marvel Heroes),0
1017328,Thor (Marvel War of Heroes),0
1017302,Thor (Marvel: Avengers Alliance),0
1011025,Thor (Ultimate),54
1010820,Thor Girl,16
1010885,Thunderball,14
1009666,Thunderbird (John Proudstar),37
1009667,Thunderbird (Neal Shaara),36
1009668,Thunderbolt (Bill Carver),1
1014812,Thunderbolt Ross,18
1010360,Thunderbolts,293
1011304,Thundra,16
1009669,Tiger Shark,25
1011237,Tiger's Beautiful Daughter,9
1009670,Tigra (Greer Nelson),146
1010857,Timeslip,0
1011345,Tinkerer,16
1011960,Tippy Toe,7
1010669,Titania,49
1009672,Titanium Man (Topolov),30
1009673,Toad,53
1009674,Toad Men,2
1011166,Tomas,0
1009675,Tombstone,56
1010328,Tomorrow Man,11
1009624,Tony Stark,48
1011309,Toro (Thomas Raymond),33
1009676,Toxin,10
1009692,Toxin (Eddie Brock),68
1010822,Trauma,19
1011978,Trevor Fitzroy,3
1010825,Triathlon,41
1009671,Trish Tilby,0
1010335,Triton,65
1011352,True Believers,5
1011047,Turbo,8
1009678,Tusk,6
1010852,Two-Gun Kid,135
1009679,Tyger Tiger,6
1010369,Typhoid Mary,54
1009680,Tyrannus,14
1011315,U-Foes,5
1009681,U-Go Girl,14
1009682,U.S. Agent,74
1009683,Uatu The Watcher,78
1010358,Ulik,46
1016825,Ultimate Spider-Man (USM),21
1010803,Ultimates,133
1009684,Ultimatum,17
1011311,Ultimo,7
1011125,Ultra-Adaptoid,1
1010847,Ultragirl (Earth-93060),1
1009685,Ultron,118
1009686,Umar,22
1010862,Unicorn,7
1010985,Union Jack (Brian Falsworth),4
1010696,Union Jack (Joseph Chapman),28
1010984,Union Jack (Montgomery Falsworth),19
1009687,Unus,12
1010987,Unus (Age of Apocalypse),1
1010988,Unus (House of M),0
1010986,Unus (Ultimate),0
1009525,Valeria Richards,82
1017841,Valkyrie (Exiles),12
1010350,Valkyrie (Samantha Parrington),17
1011239,Valkyrie (Ultimate),9
1011182,Vampiro,0
1011342,Vance Astro,38
1010989,Vanisher (Age of Apocalypse),0
1011365,Vanisher (Telford Porter),12
1009689,Vanisher (Ultimate),3
1011316,Vapor,0
1009690,Vargas,15
1010872,Vector,0
1011231,Veda,11
1009691,Vengeance (Michael Badilino),37
1009663,Venom (Flash Thompson),127
1010788,Venom (Mac Gargan),24
1011128,Venom (Ultimate),8
1011106,Venus (Siren),8
1009693,Venus Dee Milo,10
1010353,Vermin (Edward Whelan),15
1009694,Vertigo (Savage Land Mutate),28
1011066,Victor Mancha,9
1010324,Victor Von Doom,39
1011261,Vin Gonzales,4
1009695,Vindicator,30
1010666,Violations,0
1009696,Viper,51
1010697,Virginia Dare,7
1009697,Vision,579
1009698,Vivisector,16
1011011,Vulcan (Gabriel Summers),25
1009699,Vulture (Adrian Toomes),104
1010990,Vulture (Blackie Drago),1
1010849,Wallflower,10
1011267,Wallop,0
1009700,Wallow,0
1009701,War (Abraham Kieros),13
1017322,War Machine (Iron Man 3 - The Official Game),0
1017834,War Machine (James Rhodes),114
1017304,War Machine (Marvel: Avengers Alliance),0
1010991,War Machine (Parnell Jacobs),1
1011226,War Machine (Ultimate),3
1009703,Warbird,32
1011121,Warbound,5
1010372,Warhawk (Mitchell Tanner),8
1009704,Warlock (Janie Chin),0
1011287,Warlock (Technarchy),30
1009705,Warpath,221
1010668,Warren Worthington III,6
1009706,Warstar,9
1009707,Wasp,433
1010992,Wasp (Ultimate),28
1017853,Wave (Wave),16
1011133,Weapon Omega,9
1009709,Weapon X,53
1011402,Wendell Rand,6
1010742,Wendell Vaughn,0
1009710,Wendigo,23
1010765,Werewolf By Night,95
1011588,Whiplash (Anton Vanko),5
1009711,Whiplash (Mark Scarlotti),12
1010348,Whirlwind,33
1010342,Whistler,0
1009712,White Queen (Adrienne Frost),0
1010853,White Tiger (Angela Del Toro),51
1016838,White Tiger (USM),0
1011425,Whizzer (Stanley Stewart),2
1009714,Wiccan,82
1009715,Wild Child,49
1010994,Wild Child (Age of Apocalypse),8
1011067,Wild Pack,8
1009716,Wildside,19
1009633,William Stryker,11
1010680,Wilson Fisk,0
1011009,Wind Dancer,15
1010740,Winter Soldier,229
1011043,Wither,12
1011290,Wolf Cub,0
1011281,Wolfpack,14
1009717,Wolfsbane,137
1010995,Wolfsbane (Age of Apocalypse),1
1010729,Wolver-dok,0
1009718,Wolverine,2730
1017297,Wolverine (LEGO Marvel Super Heroes),0
1017325,Wolverine (Marvel War of Heroes),0
1011006,Wolverine (Ultimate),99
1017479,Wolverine (X-Men: Battle of the Atom),0
1009719,Wonder Man,269
1009720,Wong,107
1015005,Wong (Ultimate),3
1010737,Wraith,15
1010884,Wrecker,12
1010883,Wrecking Crew,15
1009722,X-23,286
1010804,X-51,0
1011418,X-Babies,14
1009723,X-Cutioner,4
1010738,X-Factor,217
1010739,X-Factor Investigations,14
1009724,X-Force,369
1009725,X-Man,113
1009726,X-Men,4076
1011109,X-Men (Ultimate),190
1010875,X-Ray (James Darnell),0
1010806,X-Statix,46
1009732,X.S.E.,0
1011094,Xavin,8
1009734,Xorn (Kuan-Yin Xorn),22
1009736,Yellow Claw,22
1009737,Yellowjacket (Hank Pym),90
1010996,Yellowjacket (Rita DeMara),9
1011542,Yondu,57
1010698,Young Avengers,81
1011277,Young X-Men,18
1009738,Zaladane,15
1010841,Zaran,22
1010716,Zarda,3
1011163,Zarek,0
1009739,Zeigeist,0
1010780,Zemo,15
1011515,Zeus,36
1011127,Zodiak,1
1009741,Zombie (Simon Garth),1
1011183,Zuras,3
1009742,Zzzax,5
